{
 "BPM-Gaming": 0.5518410822358927,
 "BPM-Concentration": -0.6413721876287595,
 "BPM-Sleep": -0.5159750875886675,
 "BPM-Exercise": -0.8539300277669442,
 "BPM-Tiredness": 0.144984254420129,
 "BPM-Stress": 0.4779830865131123,
 "BPM-Happiness": -0.2624265101949813,
 "Gaming-BPM": 0.5518410822358927,
 "Gaming-Concentration": -0.2875799794490696,
 "Gaming-Sleep": -0.3825000512774729,
 "Gaming-Exercise": -0.5104669399566392,
 "Gaming-Tiredness": 0.050796895057547836,
 "Gaming-Stress": 0.1310573011215883,
 "Gaming-Happiness": 0.02675259262648779,
 "Concentration-BPM": -0.6413721876287596,
 "Concentration-Gaming": -0.2875799794490696,
 "Concentration-Sleep": 0.8126074939652247,
 "Concentration-Exercise": 0.7073451054670211,
 "Concentration-Tiredness": -0.14483631698231236,
 "Concentration-Stress": -0.7255980020841931,
 "Concentration-Happiness": 0.5742529146832296,
 "Sleep-BPM": -0.5159750875886675,
 "Sleep-Gaming": -0.3825000512774729,
 "Sleep-Concentration": 0.8126074939652247,
 "Sleep-Exercise": 0.5437596035669279,
 "Sleep-Tiredness": -0.06663706909960766,
 "Sleep-Stress": -0.547811858932417,
 "Sleep-Happiness": 0.5779922980509362,
 "Exercise-BPM": -0.8539300277669442,
 "Exercise-Gaming": -0.5104669399566392,
 "Exercise-Concentration": 0.7073451054670211,
 "Exercise-Sleep": 0.5437596035669279,
 "Exercise-Tiredness": -0.10160686088700302,
 "Exercise-Stress": -0.6364745377752158,
 "Exercise-Happiness": 0.44593390899954016,
 "Tiredness-BPM": 0.144984254420129,
 "Tiredness-Gaming": 0.05079689505754784,
 "Tiredness-Concentration": -0.14483631698231234,
 "Tiredness-Sleep": -0.06663706909960766,
 "Tiredness-Exercise": -0.10160686088700302,
 "Tiredness-Stress": -0.23765224421280026,
 "Tiredness-Happiness": 0.23210238796845278,
 "Stress-BPM": 0.4779830865131123,
 "Stress-Gaming": 0.1310573011215883,
 "Stress-Concentration": -0.7255980020841932,
 "Stress-Sleep": -0.5478118589324169,
 "Stress-Exercise": -0.6364745377752158,
 "Stress-Tiredness": -0.23765224421280026,
 "Stress-Happiness": -0.8290770561525677,
 "Happiness-BPM": -0.2624265101949813,
 "Happiness-Gaming": 0.026752592626487787,
 "Happiness-Concentration": 0.5742529146832296,
 "Happiness-Sleep": 0.5779922980509362,
 "Happiness-Exercise": 0.4459339089995401,
 "Happiness-Tiredness": 0.2321023879684528,
 "Happiness-Stress": -0.8290770561525677
}